{
  "up_triangle": "M 0 -1 L -0.866025 0.5 L 0.866025,0.5 L 0 -1 Z",
  "up_segments": [
    "M 0 0 L 0 -1            L 0.288675 -0.5   L 0 0 Z",
    "M 0 0 L 0.288675 -0.5   L 0.433013 -0.25  L 0 0 Z",
    "M 0 0 L 0.433013 -0.25  L 0.577350 0      L 0 0 Z",
    "M 0 0 L 0.577350 0      L 0.866025 0.5    L 0 0 Z",
    "M 0 0 L 0.866025 0.5    L 0.288675 0.5    L 0 0 Z",
    "M 0 0 L 0.288675 0.5    L 0 0.5           L 0 0 Z",
    "M 0 0 L 0 0.5           L -0.288675 0.5   L 0 0 Z",
    "M 0 0 L -0.288675 0.5   L -0.866025 0.5   L 0 0 Z",
    "M 0 0 L -0.866025 0.5   L -0.577350 0     L 0 0 Z",
    "M 0 0 L -0.577350 0     L -0.433013 -0.25 L 0 0 Z",
    "M 0 0 L -0.433013 -0.25 L -0.288675 -0.5  L 0 0 Z",
    "M 0 0 L -0.288675 -0.5  L 0 -1            L 0 0 Z"
  ],
  "down_triangle": "M 0 1 L 0.866025 -0.55 L -0.866025 -0.55 L 0 1 Z",
  "down_segments": [
    "M 0 0 L 0 1            L 0.288675 0.5   L 0 0 Z",
    "M 0 0 L 0.288675 0.5   L 0.433013 0.25  L 0 0 Z",
    "M 0 0 L 0.433013 0.25  L 0.577350 0     L 0 0 Z",
    "M 0 0 L 0.577350 0     L 0.866025 -0.5  L 0 0 Z",
    "M 0 0 L 0.866025 -0.5  L 0.288675 -0.5  L 0 0 Z",
    "M 0 0 L 0.288675 -0.5  L 0,-0.5         L 0 0 Z",
    "M 0 0 L 0 -0.5         L -0.288675,-0.5 L 0 0 Z",
    "M 0 0 L -0.288675 -0.5 L -0.866025 -0.5 L 0 0 Z",
    "M 0 0 L -0.866025 -0.5 L -0.577350 0    L 0 0 Z",
    "M 0 0 L -0.577350 0    L -0.433013 0.25 L 0 0 Z",
    "M 0 0 L -0.433013 0.25 L -0.288675 0.5  L 0 0 Z",
    "M 0 0 L -0.288675 0.5  L 0 1            L 0 0 Z"
  ],
  "faceDisplay": {
    "faceScale": 90,
    "faces": [
      {
        "name": "1",
        "center": {
          "x": 0,
          "y": 0,
          "r": 60
        }
      },
      {
        "name": "2",
        "center": {
          "x": 0,
          "y": -1.05,
          "r": 0
        }
      },
      {
        "name": "3",
        "center": {
          "x": 0.916025,
          "y": 0.525,
          "r": 0
        }
      },
      {
        "name": "4",
        "center": {
          "x": -0.916025,
          "y": 0.525,
          "r": 0
        }
      }
    ]
  }
}

